"cve_sun","nom_ciudad","municipio_cvegeo"
"","","01006"
"","","01007"
"","","01008"
"","","01009"
"","","01010"
"1","Aguascalientes","01011"
"","","02001"
"","","04011"
"4","La Laguna","05017"
"","","05002"
"5","Saltillo","05004"
"","","05009"
"","","05012"
"","","05014"
"","","05020"
"","","07008"
"","","07009"
"","","05023"
"","","07090"
"7","Piedras Negras","05025"
"","","07107"
"5","Saltillo","05027"
"4","La Laguna","05035"
"","","05036"
"9","Tecomán","06001"
"8","Colima-Villa de Álvarez","06002"
"8","Colima-Villa de Álvarez","06003"
"8","Colima-Villa de Álvarez","06004"
"8","Colima-Villa de Álvarez","06005"
"","","06006"
"","","06007"
"","","06008"
"9","Tecomán","06009"
"8","Colima-Villa de Álvarez","06010"
"","","07001"
"","","07002"
"","","07003"
"10","Tuxtla Gutiérrez","07012"
"","","07013"
"","","07014"
"","","07015"
"","","07016"
"","","07017"
"","","07018"
"","","07019"
"","","07020"
"","","07021"
"","","07022"
"","","07023"
"12","Chihuahua","08002"
"","","08003"
"","","07030"
"","","07031"
"","","07032"
"","","07037"
"","","07038"
"","","07039"
"","","07040"
"","","07041"
"","","10034"
"","","10035"
"","","11028"
"","","11029"
"","","11030"
"15","San Francisco del Rincón","11031"
"","","11032"
"","","11033"
"","","11034"
"","","11035"
"","","11036"
"","","07057"
"","","12058"
"","","12059"
"","","12060"
"","","12061"
"","","12062"
"","","12063"
"","","12064"
"","","07061"
"","","07062"
"","","12074"
"","","12075"
"","","12076"
"","","12077"
"","","12078"
"","","12079"
"","","07092"
"","","07093"
"","","07094"
"","","07096"
"","","07097"
"","","07098"
"","","07099"
"","","07100"
"10","Tuxtla Gutiérrez","07101"
"","","07102"
"","","07103"
"","","07104"
"","","13062"
"","","13063"
"","","13064"
"","","14083"
"","","14084"
"","","14085"
"","","14086"
"","","14087"
"","","14088"
"","","08054"
"","","08055"
"","","08058"
"","","08059"
"13","Valle de México","15011"
"","","08061"
"","","08062"
"","","08063"
"","","08064"
"","","08065"
"","","08066"
"","","08067"
"13","Valle de México","15025"
"13","Valle de México","09004"
"13","Valle de México","09005"
"","","16011"
"","","16012"
"","","16013"
"","","16014"
"","","16015"
"","","16016"
"","","16017"
"","","10037"
"","","16046"
"","","16047"
"","","16048"
"","","16049"
"","","16050"
"","","16051"
"","","16052"
"25","Morelia","16053"
"","","15001"
"13","Valle de México","15013"
"","","15014"
"13","Valle de México","15015"
"13","Valle de México","15016"
"13","Valle de México","15017"
"","","15021"
"","","15045"
"13","Valle de México","15046"
"","","15047"
"","","15048"
"","","15049"
"13","Valle de México","15050"
"24","Toluca","15051"
"","","15052"
"24","Toluca","15054"
"","","18005"
"","","18006"
"","","18007"
"30","Tepic","18008"
"","","18009"
"","","18010"
"","","18011"
"","","18012"
"","","18013"
"","","18014"
"","","18015"
"","","18016"
"30","Tepic","18017"
"","","18018"
"","","18019"
"22","Puerto Vallarta","18020"
"","","15056"
"13","Valle de México","15057"
"13","Valle de México","15058"
"13","Valle de México","15059"
"13","Valle de México","15070"
"","","15071"
"24","Toluca","15072"
"24","Toluca","15073"
"","","15074"
"","","15077"
"13","Valle de México","15084"
"","","15085"
"","","15086"
"24","Toluca","15087"
"13","Valle de México","15092"
"13","Valle de México","15093"
"13","Valle de México","15094"
"13","Valle de México","15095"
"13","Valle de México","15096"
"","","15097"
"13","Valle de México","15099"
"58","Tianguistenco","15101"
"","","15102"
"13","Valle de México","15103"
"13","Valle de México","15104"
"","","15105"
"24","Toluca","15106"
"","","15107"
"13","Valle de México","15109"
"","","15110"
"","","15111"
"13","Valle de México","15112"
"","","15113"
"","","15114"
"24","Toluca","15115"
"","","15116"
"","","15117"
"24","Toluca","15118"
"","","15119"
"13","Valle de México","15120"
"13","Valle de México","15121"
"","","15123"
"","","15124"
"","","16001"
"","","16002"
"","","16003"
"","","16004"
"","","16005"
"","","16006"
"29","Cuautla","17006"
"28","Cuernavaca","17007"
"","","17021"
"","","17022"
"28","Cuernavaca","17024"
"","","17025"
"29","Cuautla","17026"
"","","19002"
"","","19003"
"","","19004"
"","","19005"
"31","Monterrey","19006"
"31","Monterrey","19009"
"","","19011"
"","","19012"
"","","19013"
"","","19014"
"","","19015"
"","","19016"
"","","19017"
"31","Monterrey","19018"
"31","Monterrey","19019"
"","","19020"
"31","Monterrey","19021"
"","","19022"
"","","19023"
"","","19025"
"31","Monterrey","19026"
"","","19027"
"","","19028"
"31","Monterrey","19031"
"","","19032"
"","","19033"
"","","19034"
"","","19037"
"","","19038"
"31","Monterrey","19039"
"","","19040"
"","","19041"
"","","19042"
"","","19044"
"31","Monterrey","19045"
"31","Monterrey","19046"
"31","Monterrey","19048"
"31","Monterrey","19049"
"","","19050"
"","","19051"
"","","20002"
"","","20005"
"","","20012"
"","","20051"
"","","20015"
"","","20016"
"","","20018"
"","","20028"
"","","20057"
"","","20031"
"","","20039"
"","","20041"
"","","20042"
"","","20043"
"","","20044"
"","","20327"
"","","20337"
"","","20340"
"","","20351"
"","","20424"
"","","20054"
"","","20055"
"","","20059"
"","","20071"
"","","20073"
"","","20153"
"","","20085"
"","","20093"
"","","20098"
"","","20101"
"","","20161"
"","","20175"
"","","20113"
"33","Tehuantepec","20124"
"","","20141"
"","","20143"
"","","20149"
"","","20150"
"","","20155"
"","","20156"
"","","20159"
"","","20164"
"","","20177"
"","","20184"
"","","20185"
"","","20186"
"","","20364"
"","","20366"
"","","20377"
"","","20378"
"32","Oaxaca","20385"
"","","20386"
"","","21211"
"","","21212"
"","","20328"
"","","20190"
"","","20207"
"","","20202"
"","","20205"
"","","20211"
"","","20212"
"","","20213"
"","","20214"
"","","20217"
"","","20267"
"","","20220"
"","","20277"
"","","20278"
"","","20279"
"","","20232"
"","","20357"
"","","20235"
"","","20236"
"","","20237"
"","","20253"
"","","20254"
"","","20261"
"","","20262"
"","","20266"
"","","20272"
"","","20273"
"","","20275"
"","","20291"
"","","20292"
"","","20306"
"","","20309"
"","","20318"
"","","20401"
"","","20324"
"","","20389"
"","","20441"
"","","20394"
"","","20397"
"","","20406"
"","","20407"
"","","20410"
"","","20413"
"","","20417"
"","","20426"
"","","20427"
"","","20435"
"","","20437"
"","","20467"
"","","20468"
"","","20469"
"","","20470"
"","","20447"
"","","20450"
"","","20457"
"","","20459"
"","","20460"
"","","20477"
"","","20481"
"","","20482"
"","","20484"
"","","20488"
"","","20495"
"","","20498"
"","","20500"
"","","20513"
"","","20548"
"","","21072"
"","","21073"
"34","Puebla-Tlaxcala","21074"
"","","21075"
"","","21076"
"","","21077"
"","","21078"
"","","21079"
"","","21141"
"","","21142"
"34","Puebla-Tlaxcala","21143"
"","","20537"
"","","21176"
"","","21177"
"","","21178"
"","","21179"
"","","21180"
"","","21205"
"","","21206"
"","","21207"
"","","21208"
"","","21209"
"","","21210"
"","","21213"
"37","Cancún","23005"
"39","Ríoverde-Ciudad Fernández","24024"
"","","24025"
"","","24026"
"","","24027"
"38","San Luis Potosí-Soledad de Graciano Sánchez","24028"
"","","24029"
"","","24030"
"","","24031"
"","","24032"
"","","20543"
"","","26002"
"","","26003"
"","","26004"
"","","26008"
"","","26012"
"","","26013"
"","","26017"
"","","26018"
"","","20556"
"","","20566"
"","","20570"
"34","Puebla-Tlaxcala","21001"
"","","21002"
"","","21003"
"","","21004"
"","","21005"
"","","21006"
"","","21007"
"","","21008"
"","","21009"
"","","21010"
"","","21011"
"","","21012"
"","","21013"
"","","21014"
"34","Puebla-Tlaxcala","21015"
"","","21022"
"","","21023"
"","","21024"
"","","21025"
"","","21026"
"","","21027"
"","","21031"
"","","21032"
"","","21033"
"","","21035"
"","","21036"
"","","21037"
"","","21081"
"","","21082"
"","","21083"
"","","21084"
"","","21092"
"","","21093"
"","","21094"
"","","21096"
"34","Puebla-Tlaxcala","21119"
"","","21120"
"","","21121"
"34","Puebla-Tlaxcala","21122"
"","","21123"
"","","21124"
"","","21126"
"","","21127"
"","","21128"
"","","21129"
"","","21130"
"","","21131"
"","","21134"
"","","21135"
"","","21145"
"","","21146"
"","","21147"
"","","21148"
"35","Tehuacán","21149"
"","","21150"
"","","21152"
"","","21153"
"","","21154"
"","","21155"
"35","Tehuacán","21156"
"","","21157"
"","","21158"
"","","21159"
"","","21160"
"","","21161"
"","","21162"
"34","Puebla-Tlaxcala","21163"
"","","21164"
"","","21165"
"","","23007"
"","","23008"
"","","26049"
"","","24008"
"","","24009"
"","","24010"
"39","Ríoverde-Ciudad Fernández","24011"
"","","24012"
"","","24013"
"","","24015"
"","","24016"
"","","24017"
"","","24019"
"","","24046"
"","","24047"
"","","26064"
"","","24051"
"","","24052"
"","","24053"
"","","24054"
"","","24057"
"45","Nuevo Laredo","28027"
"","","25001"
"","","26006"
"43","Reynosa-Río Bravo","28032"
"43","Reynosa-Río Bravo","28033"
"","","28034"
"","","28035"
"","","26022"
"","","26024"
"40","Guaymas","26025"
"","","26026"
"","","26033"
"","","26036"
"","","26040"
"","","26042"
"","","26045"
"","","26051"
"","","26052"
"","","28039"
"","","26058"
"46","Tlaxcala-Apizaco","29018"
"53","Córdoba","30014"
"","","30015"
"","","30016"
"","","30017"
"","","26062"
"","","30045"
"","","30046"
"","","30080"
"50","Orizaba","30081"
"52","Coatzacoalcos","30082"
"","","30083"
"","","30084"
"50","Orizaba","30085"
"","","30086"
"48","Xalapa","30087"
"","","30088"
"51","Minatitlán","30089"
"47","Veracruz","30090"
"","","30091"
"","","30092"
"","","30097"
"","","30171"
"","","30172"
"","","30173"
"","","26069"
"","","26071"
"","","26072"
"","","27001"
"","","27002"
"","","27003"
"41","Villahermosa","27004"
"","","27005"
"","","28005"
"","","28007"
"","","28008"
"","","28010"
"","","28011"
"","","28012"
"","","28013"
"","","28014"
"","","28015"
"","","28016"
"","","28020"
"","","28021"
"44","Matamoros","28022"
"","","28023"
"","","28024"
"","","28025"
"","","29020"
"","","29021"
"34","Puebla-Tlaxcala","29022"
"34","Puebla-Tlaxcala","29023"
"46","Tlaxcala-Apizaco","29024"
"34","Puebla-Tlaxcala","29025"
"46","Tlaxcala-Apizaco","29026"
"34","Puebla-Tlaxcala","29028"
"34","Puebla-Tlaxcala","29029"
"","","29030"
"46","Tlaxcala-Apizaco","29031"
"34","Puebla-Tlaxcala","29032"
"46","Tlaxcala-Apizaco","29033"
"","","29034"
"46","Tlaxcala-Apizaco","29036"
"","","29037"
"46","Tlaxcala-Apizaco","29038"
"46","Tlaxcala-Apizaco","29039"
"","","29040"
"34","Puebla-Tlaxcala","29041"
"46","Tlaxcala-Apizaco","29043"
"34","Puebla-Tlaxcala","29044"
"","","29046"
"46","Tlaxcala-Apizaco","29050"
"","","29052"
"","","29055"
"","","30001"
"","","30019"
"","","30020"
"","","30021"
"50","Orizaba","30022"
"","","30023"
"","","30024"
"","","30025"
"48","Xalapa","30026"
"","","30027"
"47","Veracruz","30028"
"","","30029"
"","","30032"
"48","Xalapa","30065"
"","","30066"
"","","30067"
"53","Córdoba","30068"
"","","30069"
"","","30070"
"","","30071"
"","","30072"
"","","30073"
"50","Orizaba","30099"
"","","30100"
"50","Orizaba","30101"
"","","30102"
"","","30103"
"","","30104"
"47","Veracruz","30105"
"","","30106"
"","","30114"
"","","30117"
"50","Orizaba","30118"
"","","30121"
"","","30122"
"42","Tampico","30123"
"49","Poza Rica","30124"
"","","30125"
"","","30132"
"","","30137"
"","","30139"
"","","30186"
"","","30187"
"","","30188"
"","","30189"
"","","30191"
"","","30195"
"53","Córdoba","30196"
"","","30200"
"","","30201"
"","","30202"
"","","30203"
"","","30204"
"","","30205"
"","","30207"
"","","30208"
"","","30209"
"","","30210"
"","","30211"
"","","30212"
"","","31006"
"","","31008"
"","","31011"
"","","31017"
"","","31019"
"","","31021"
"","","31028"
"","","31029"
"","","31030"
"","","31032"
"","","31036"
"","","31040"
"55","Mérida","31041"
"","","31042"
"","","31047"
"","","31048"
"55","Mérida","31050"
"","","31052"
"","","31056"
"","","31057"
"","","31058"
"","","31059"
"","","31061"
"","","31065"
"","","31067"
"","","31071"
"","","31084"
"","","31085"
"","","32030"
"","","32031"
"56","Zacatecas-Guadalupe","32032"
"","","32033"
"","","32034"
"","","32035"
"","","32036"
"","","32037"
"","","32038"
"","","32039"
"","","32040"
"","","31079"
"","","31081"
"2","Tijuana","02005"
"","","03001"
"","","03002"
"","","03003"
"","","03008"
"","","03009"
"","","04001"
"","","04002"
"","","04003"
"","","04004"
"","","04005"
"","","31089"
"","","31091"
"","","31092"
"","","31093"
"","","31096"
"","","31098"
"","","31099"
"55","Mérida","31101"
"","","31102"
"","","31104"
"","","32001"
"","","32002"
"","","32003"
"","","32004"
"","","32042"
"","","32043"
"","","32044"
"","","32045"
"","","32046"
"","","32047"
"","","32048"
"","","32049"
"","","32050"
"","","32051"
"","","32052"
"","","32055"
"1","Aguascalientes","01001"
"","","01002"
"","","01003"
"","","04007"
"","","04008"
"","","04009"
"","","08028"
"","","08029"
"","","08030"
"","","05019"
"","","04006"
"","","01004"
"1","Aguascalientes","01005"
"3","Mexicali","02002"
"2","Tijuana","02003"
"2","Tijuana","02004"
"","","04010"
"","","05016"
"","","10014"
"","","10015"
"","","05001"
"","","11024"
"15","San Francisco del Rincón","11025"
"","","11026"
"","","11027"
"","","05003"
"","","05005"
"","","05029"
"5","Saltillo","05030"
"","","05031"
"","","05032"
"6","Monclova-Frontera","05006"
"","","12073"
"","","05007"
"","","20106"
"","","13025"
"","","13026"
"","","05008"
"","","13049"
"","","13050"
"18","Pachuca","13051"
"18","Pachuca","13052"
"","","13053"
"","","13054"
"6","Monclova-Frontera","05010"
"","","13055"
"19","Tulancingo","13056"
"","","13057"
"","","05011"
"","","13058"
"","","13059"
"","","13060"
"","","05013"
"","","13061"
"","","05015"
"","","07106"
"6","Monclova-Frontera","05018"
"","","14033"
"","","14034"
"","","05037"
"","","14043"
"21","Guadalajara","14044"
"","","14045"
"","","05021"
"","","14075"
"","","14076"
"","","14077"
"","","14078"
"","","14079"
"","","14080"
"","","14081"
"","","14082"
"7","Piedras Negras","05022"
"","","08018"
"12","Chihuahua","08019"
"","","08020"
"","","05024"
"","","07108"
"","","07109"
"","","07110"
"","","07111"
"","","07112"
"","","16010"
"","","05026"
"","","16044"
"","","16045"
"","","05028"
"4","La Laguna","10007"
"","","05033"
"","","10032"
"","","10033"
"","","05034"
"57","Celaya","11009"
"","","11010"
"","","05038"
"","","07004"
"","","07005"
"","","16064"
"","","16065"
"","","16066"
"","","16067"
"","","16068"
"27","La Piedad-Pénjamo","16069"
"","","07006"
"","","12049"
"","","12050"
"","","12051"
"","","12052"
"","","12053"
"","","12054"
"","","12055"
"","","12056"
"","","12057"
"","","07007"
"","","07010"
"","","07119"
"","","08001"
"","","07011"
"","","16070"
"","","07024"
"","","07025"
"","","07026"
"10","Tuxtla Gutiérrez","07027"
"","","07028"
"","","08021"
"","","08022"
"","","08023"
"","","08024"
"","","08025"
"","","08026"
"","","08027"
"","","07029"
"","","08031"
"","","08032"
"","","08033"
"","","08034"
"","","08035"
"","","08036"
"11","Juárez","08037"
"","","08038"
"","","08039"
"","","08040"
"","","08041"
"","","08042"
"","","08043"
"","","08044"
"","","08045"
"","","08046"
"","","08047"
"","","08048"
"","","08049"
"","","08050"
"","","08051"
"","","08052"
"","","12070"
"","","07033"
"","","07034"
"","","07035"
"","","10008"
"","","10009"
"","","10010"
"","","10011"
"4","La Laguna","10012"
"","","10013"
"","","07036"
"","","07042"
"","","07043"
"","","07044"
"","","07045"
"","","07046"
"","","07047"
"","","07048"
"","","07049"
"","","07050"
"","","07051"
"","","07052"
"","","10016"
"","","10017"
"","","10018"
"","","10019"
"","","10020"
"","","10021"
"","","10022"
"","","10023"
"","","10024"
"","","10025"
"","","10026"
"","","10027"
"","","10028"
"","","13018"
"","","13019"
"","","13020"
"","","13021"
"","","07053"
"18","Pachuca","13022"
"","","07054"
"","","11011"
"","","11012"
"","","11013"
"","","11014"
"","","11015"
"","","11016"
"","","11017"
"","","11018"
"","","11019"
"14","León","11020"
"16","Moroleón-Uriangato","11021"
"","","11022"
"27","La Piedad-Pénjamo","11023"
"","","07055"
"14","León","11037"
"","","11038"
"","","11039"
"","","11040"
"16","Moroleón-Uriangato","11041"
"","","11042"
"","","11043"
"57","Celaya","11044"
"","","11045"
"","","11046"
"17","Acapulco","12001"
"","","12002"
"","","12003"
"","","12004"
"","","16080"
"","","16081"
"","","16082"
"","","16083"
"","","16084"
"","","07056"
"","","14001"
"","","14002"
"","","14003"
"","","16085"
"","","07058"
"","","07059"
"","","12071"
"","","12072"
"","","07060"
"","","14023"
"","","14024"
"","","14025"
"","","14026"
"","","07063"
"","","07064"
"","","07065"
"","","07066"
"","","07067"
"","","07068"
"","","07069"
"","","13023"
"","","13024"
"","","07070"
"","","07071"
"","","07072"
"","","13027"
"","","13028"
"","","13029"
"","","13030"
"","","13031"
"","","13032"
"","","13033"
"","","13034"
"","","13035"
"","","13036"
"","","13037"
"","","13038"
"18","Pachuca","13039"
"","","13040"
"","","13041"
"","","13042"
"","","13043"
"","","13044"
"","","13045"
"","","13046"
"","","13047"
"18","Pachuca","13048"
"","","07073"
"","","07074"
"","","07075"
"","","07076"
"","","07077"
"","","07078"
"","","07079"
"","","07080"
"","","07081"
"","","07082"
"","","07083"
"","","07084"
"","","07085"
"","","07086"
"","","07087"
"","","07088"
"","","07089"
"","","07091"
"","","14112"
"","","14113"
"","","14114"
"","","14115"
"","","14116"
"","","07105"
"","","07113"
"","","07114"
"","","14027"
"","","14028"
"","","14029"
"","","14030"
"","","14031"
"","","14032"
"","","07115"
"","","07116"
"","","14035"
"","","14036"
"","","14037"
"","","14038"
"21","Guadalajara","14039"
"","","14040"
"","","14041"
"","","14042"
"","","07117"
"","","14046"
"","","14047"
"","","14048"
"","","14049"
"","","14050"
"21","Guadalajara","14051"
"","","14052"
"","","14053"
"","","14054"
"","","14055"
"","","14056"
"","","14057"
"","","14058"
"","","14059"
"","","14060"
"","","14061"
"","","14062"
"23","Ocotlán","14063"
"","","14064"
"","","14065"
"23","Ocotlán","14066"
"22","Puerto Vallarta","14067"
"","","14068"
"","","14069"
"21","Guadalajara","14070"
"","","14071"
"","","14072"
"","","14073"
"","","14074"
"","","07118"
"","","16113"
"","","17001"
"29","Cuautla","17002"
"","","17003"
"29","Cuautla","17004"
"12","Chihuahua","08004"
"","","08005"
"","","08006"
"","","08007"
"","","08008"
"","","08009"
"","","08010"
"","","08011"
"","","08012"
"","","08013"
"","","08014"
"","","08015"
"","","08016"
"","","08017"
"","","08053"
"","","08056"
"","","14117"
"","","14118"
"","","14119"
"21","Guadalajara","14120"
"","","14121"
"","","14122"
"","","14123"
"","","14124"
"13","Valle de México","15024"
"","","08057"
"","","17016"
"","","08060"
"","","15026"
"13","Valle de México","15035"
"13","Valle de México","09002"
"13","Valle de México","09006"
"13","Valle de México","09007"
"13","Valle de México","09008"
"13","Valle de México","15036"
"13","Valle de México","15037"
"13","Valle de México","15038"
"13","Valle de México","15039"
"","","15040"
"","","15041"
"","","15042"
"58","Tianguistenco","15043"
"","","16032"
"","","16033"
"13","Valle de México","09009"
"13","Valle de México","09012"
"13","Valle de México","09013"
"13","Valle de México","09011"
"","","16018"
"","","16019"
"","","16020"
"","","16021"
"25","Morelia","16022"
"","","16059"
"13","Valle de México","09016"
"","","16034"
"","","16035"
"","","16036"
"","","16037"
"","","16038"
"","","16039"
"","","16040"
"","","16041"
"","","16042"
"26","Zamora-Jacona","16043"
"13","Valle de México","09017"
"","","10001"
"","","10002"
"","","10003"
"","","10004"
"","","10005"
"","","10006"
"","","10029"
"","","10030"
"","","10031"
"","","10036"
"","","18003"
"","","18004"
"","","10038"
"","","10039"
"","","11001"
"","","11002"
"","","11003"
"","","11004"
"","","11005"
"","","11006"
"57","Celaya","11007"
"","","11008"
"","","12005"
"","","12006"
"","","12007"
"","","12008"
"","","12009"
"","","12010"
"","","12011"
"","","12012"
"","","12013"
"","","12014"
"","","12015"
"","","12016"
"","","12017"
"","","12018"
"","","12019"
"","","12020"
"17","Acapulco","12021"
"","","12022"
"","","12023"
"","","16060"
"","","16061"
"","","16062"
"","","16063"
"","","12024"
"","","12025"
"","","12026"
"","","12027"
"","","12028"
"","","12029"
"","","12030"
"","","12031"
"","","12032"
"","","12033"
"","","12034"
"","","12035"
"","","12036"
"","","12037"
"","","12038"
"","","12039"
"","","12040"
"","","12041"
"","","12042"
"","","12043"
"","","12044"
"","","12045"
"","","12046"
"","","12047"
"","","12048"
"","","12065"
"","","12066"
"","","12067"
"","","12068"
"","","12069"
"","","12080"
"","","12081"
"","","13001"
"","","13002"
"","","13003"
"","","13004"
"","","13005"
"","","13006"
"","","13007"
"","","13008"
"","","13009"
"20","Tula","13010"
"","","13011"
"","","13012"
"20","Tula","13013"
"","","13014"
"","","13015"
"19","Tulancingo","13016"
"","","13017"
"","","13065"
"","","13066"
"","","13067"
"","","13068"
"","","16071"
"","","16072"
"","","16073"
"","","16074"
"","","16075"
"","","16076"
"","","16077"
"","","16078"
"","","16079"
"13","Valle de México","13069"
"20","Tula","13070"
"","","13071"
"","","13072"
"","","13073"
"20","Tula","13074"
"","","13075"
"20","Tula","13076"
"19","Tulancingo","13077"
"","","13078"
"","","13079"
"","","13080"
"","","13081"
"18","Pachuca","13082"
"18","Pachuca","13083"
"","","13084"
"","","14004"
"","","14005"
"","","14006"
"","","14007"
"","","14008"
"","","14009"
"","","14010"
"","","14011"
"","","14012"
"","","14013"
"","","14014"
"","","14015"
"","","14016"
"","","14017"
"","","14018"
"","","14019"
"","","14020"
"","","14021"
"","","14022"
"","","14089"
"","","14090"
"","","14091"
"","","14092"
"","","14093"
"","","14094"
"","","14095"
"","","14096"
"21","Guadalajara","14097"
"21","Guadalajara","14098"
"","","14099"
"","","14100"
"21","Guadalajara","14101"
"","","14102"
"","","14103"
"","","14104"
"","","14105"
"","","14106"
"","","14107"
"","","14108"
"","","14109"
"","","14110"
"","","14111"
"","","14125"
"13","Valle de México","15002"
"","","15003"
"","","15004"
"24","Toluca","15005"
"","","16086"
"","","16087"
"25","Morelia","16088"
"","","16089"
"","","16090"
"","","16091"
"","","16092"
"","","16093"
"","","16094"
"","","16095"
"","","16096"
"","","16097"
"","","16098"
"","","16099"
"","","16100"
"","","16101"
"95","Uruapan","16102"
"","","16103"
"","","16104"
"","","16105"
"","","16106"
"","","16107"
"26","Zamora-Jacona","16108"
"","","16109"
"","","16110"
"","","16111"
"","","16112"
"58","Tianguistenco","15006"
"","","15007"
"","","15008"
"13","Valle de México","15009"
"13","Valle de México","15010"
"58","Tianguistenco","15012"
"24","Toluca","15018"
"58","Tianguistenco","15019"
"13","Valle de México","15020"
"13","Valle de México","15022"
"13","Valle de México","15023"
"24","Toluca","15027"
"28","Cuernavaca","17009"
"13","Valle de México","15028"
"13","Valle de México","15029"
"","","17010"
"28","Cuernavaca","17011"
"","","17012"
"","","17013"
"","","17014"
"","","17015"
"13","Valle de México","15030"
"13","Valle de México","15031"
"","","15032"
"13","Valle de México","15033"
"13","Valle de México","15034"
"13","Valle de México","15044"
"","","17017"
"28","Cuernavaca","17018"
"","","17019"
"13","Valle de México","15053"
"","","20027"
"24","Toluca","15055"
"13","Valle de México","15060"
"13","Valle de México","15061"
"24","Toluca","15062"
"","","15063"
"","","15064"
"13","Valle de México","15065"
"","","15066"
"24","Toluca","15067"
"13","Valle de México","15068"
"","","20021"
"13","Valle de México","15069"
"13","Valle de México","15075"
"","","20035"
"","","20036"
"24","Toluca","15076"
"","","15078"
"","","15079"
"","","15080"
"13","Valle de México","15081"
"","","15082"
"13","Valle de México","15083"
"","","15088"
"13","Valle de México","15089"
"","","15090"
"13","Valle de México","15091"
"58","Tianguistenco","15098"
"13","Valle de México","15100"
"13","Valle de México","15108"
"13","Valle de México","15122"
"13","Valle de México","15125"
"","","20056"
"","","16007"
"","","16008"
"","","16009"
"","","16023"
"","","16024"
"","","16025"
"","","16026"
"","","16027"
"","","16028"
"","","16029"
"","","16030"
"","","16031"
"","","16054"
"","","16055"
"","","16056"
"","","16057"
"","","16058"
"","","17005"
"28","Cuernavaca","17008"
"","","20068"
"28","Cuernavaca","17020"
"","","20104"
"","","17023"
"","","17027"
"28","Cuernavaca","17028"
"29","Cuautla","17029"
"29","Cuautla","17030"
"","","17031"
"","","17032"
"","","17033"
"","","18001"
"","","18002"
"","","19001"
"","","19007"
"","","20303"
"","","19008"
"","","20198"
"31","Monterrey","19010"
"","","20332"
"","","19024"
"","","19029"
"","","19030"
"","","19035"
"","","20049"
"","","19036"
"","","19043"
"","","19047"
"","","20001"
"","","20003"
"","","20004"
"","","20006"
"","","20007"
"","","20008"
"","","20009"
"","","20010"
"","","20011"
"","","20050"
"","","20013"
"","","20014"
"","","20017"
"","","20019"
"","","20020"
"","","20022"
"","","20023"
"","","20024"
"","","20025"
"","","20026"
"","","20029"
"","","20030"
"","","20032"
"","","20033"
"","","20034"
"","","20037"
"","","20038"
"","","20040"
"","","20045"
"","","20046"
"","","20047"
"","","20048"
"","","20052"
"","","20053"
"","","20502"
"","","20058"
"33","Tehuantepec","20515"
"","","20060"
"","","20517"
"","","20061"
"","","20062"
"","","20063"
"","","20064"
"","","20089"
"","","20065"
"","","20066"
"32","Oaxaca","20067"
"","","20069"
"","","20070"
"","","20099"
"","","20072"
"","","20074"
"","","20075"
"","","20568"
"","","20076"
"","","21068"
"","","21069"
"","","21070"
"","","21071"
"","","20077"
"","","21138"
"","","20078"
"34","Puebla-Tlaxcala","21140"
"33","Tehuantepec","20079"
"","","20129"
"","","22018"
"","","23001"
"","","23002"
"","","20080"
"","","20144"
"37","Cancún","23003"
"","","23004"
"","","20081"
"","","26016"
"","","20082"
"","","20152"
"32","Oaxaca","20083"
"","","20084"
"","","20086"
"32","Oaxaca","20087"
"","","20088"
"","","20090"
"32","Oaxaca","20091"
"","","20092"
"","","20094"
"","","20095"
"","","20096"
"","","20103"
"","","20097"
"","","20100"
"","","20102"
"","","20105"
"32","Oaxaca","20107"
"","","20108"
"","","20109"
"","","20160"
"","","20110"
"32","Oaxaca","20174"
"","","20111"
"","","20112"
"","","20179"
"","","20114"
"32","Oaxaca","20115"
"","","20288"
"","","20116"
"","","20117"
"","","20118"
"","","20119"
"","","20120"
"","","20121"
"","","20122"
"","","20123"
"","","20125"
"","","20126"
"","","20127"
"","","20128"
"","","20130"
"","","20131"
"","","20132"
"","","20133"
"","","20134"
"","","20135"
"","","20136"
"","","20137"
"","","20138"
"","","20139"
"","","20140"
"","","20142"
"","","20145"
"","","20146"
"","","20147"
"","","20148"
"","","20151"
"","","20154"
"32","Oaxaca","20157"
"","","20158"
"","","20162"
"","","20163"
"","","20165"
"","","20166"
"","","20167"
"","","20168"
"","","20169"
"","","20170"
"","","20171"
"","","20172"
"","","20196"
"","","20173"
"","","20176"
"","","20178"
"","","20180"
"","","20181"
"","","20182"
"","","20183"
"","","20187"
"","","20320"
"","","20188"
"","","20329"
"","","20330"
"","","20189"
"","","20191"
"","","20197"
"","","20192"
"","","20193"
"","","20194"
"","","20206"
"","","20195"
"","","20238"
"","","20199"
"","","20200"
"","","20201"
"","","20241"
"","","20203"
"","","20204"
"","","20208"
"","","20251"
"","","20209"
"","","20331"
"","","20210"
"","","20215"
"","","20263"
"","","20216"
"","","20264"
"","","20218"
"","","20219"
"","","20221"
"","","20222"
"","","20223"
"","","20269"
"","","20224"
"","","20225"
"","","20276"
"","","20226"
"32","Oaxaca","20227"
"","","20228"
"","","20229"
"","","20230"
"","","20231"
"","","20333"
"","","20334"
"","","20233"
"","","20234"
"","","20239"
"","","20240"
"","","20242"
"","","20243"
"","","20244"
"","","20245"
"","","20246"
"","","20247"
"","","20248"
"","","20359"
"","","20249"
"","","20250"
"","","20252"
"","","20255"
"","","20256"
"","","20281"
"","","20257"
"","","20258"
"","","20259"
"","","20260"
"","","20265"
"","","20268"
"","","20270"
"","","20271"
"","","20274"
"","","20280"
"","","20282"
"","","20283"
"","","20284"
"","","20285"
"","","20286"
"","","20287"
"","","20289"
"","","20290"
"32","Oaxaca","20293"
"","","20294"
"","","20295"
"","","20296"
"","","20297"
"","","20298"
"","","20299"
"","","20300"
"","","20301"
"","","20302"
"","","20304"
"","","20305"
"","","20307"
"","","20308"
"","","20310"
"","","20311"
"","","20367"
"","","20312"
"","","20368"
"","","20313"
"","","20314"
"","","20315"
"","","20380"
"","","20316"
"","","20395"
"","","20317"
"","","20400"
"","","20319"
"","","20321"
"","","20418"
"","","20322"
"","","20323"
"","","20325"
"","","20326"
"","","20335"
"","","20336"
"32","Oaxaca","20338"
"","","20339"
"","","20341"
"","","20342"
"","","20343"
"","","20344"
"","","20345"
"","","20346"
"","","20347"
"","","20348"
"","","20349"
"","","20419"
"32","Oaxaca","20350"
"","","20421"
"","","20352"
"","","20422"
"","","20353"
"","","20354"
"","","20423"
"","","20355"
"","","20356"
"","","20358"
"","","20360"
"","","20361"
"","","20362"
"","","20363"
"","","20365"
"","","20369"
"","","20370"
"","","20371"
"","","20372"
"","","20373"
"","","20374"
"32","Oaxaca","20375"
"","","20376"
"","","20379"
"","","20381"
"","","20382"
"","","20383"
"","","20430"
"","","20384"
"","","20387"
"","","20432"
"","","20388"
"32","Oaxaca","20390"
"","","20391"
"","","20440"
"","","20392"
"","","20393"
"","","20396"
"","","20398"
"32","Oaxaca","20399"
"","","20402"
"32","Oaxaca","20403"
"","","20404"
"","","20405"
"","","20408"
"32","Oaxaca","20409"
"","","20411"
"","","20412"
"","","20414"
"","","20415"
"","","20416"
"","","20420"
"","","20425"
"","","20428"
"","","20429"
"","","20431"
"","","20433"
"","","20434"
"","","20436"
"","","20445"
"","","20438"
"","","20439"
"","","20442"
"","","20443"
"","","20451"
"","","20444"
"","","20446"
"","","20448"
"","","20479"
"","","20449"
"","","20452"
"","","20486"
"","","20453"
"","","20493"
"","","20454"
"","","20455"
"","","20456"
"","","20458"
"","","20461"
"","","20462"
"","","20463"
"","","20464"
"","","20503"
"","","20465"
"","","20466"
"","","20471"
"","","20506"
"","","20472"
"","","20473"
"","","20474"
"","","20508"
"","","20475"
"","","20476"
"","","20478"
"","","20480"
"","","20483"
"","","20485"
"","","20487"
"","","20489"
"","","20490"
"","","20491"
"","","20492"
"","","20494"
"","","20496"
"","","20497"
"","","20499"
"","","20501"
"","","20504"
"","","20505"
"","","20507"
"","","20509"
"","","20510"
"","","20514"
"","","20511"
"","","20516"
"","","20512"
"","","20518"
"32","Oaxaca","20519"
"","","20520"
"","","20521"
"","","20547"
"","","20549"
"","","20522"
"","","20523"
"","","20524"
"","","20525"
"","","20526"
"","","21062"
"","","21063"
"","","21064"
"","","21065"
"","","21066"
"","","21067"
"","","20527"
"","","20528"
"","","20529"
"","","20530"
"","","20531"
"","","20532"
"","","20533"
"34","Puebla-Tlaxcala","21136"
"","","21137"
"","","20534"
"","","21139"
"","","20535"
"","","20536"
"","","20561"
"","","20538"
"","","20562"
"32","Oaxaca","20539"
"","","22002"
"","","22003"
"","","22004"
"","","22005"
"36","Querétaro","22006"
"","","22007"
"36","Querétaro","22008"
"","","22009"
"","","22010"
"36","Querétaro","22011"
"","","22012"
"","","22013"
"36","Querétaro","22014"
"","","22015"
"301","San Juan del Río","22016"
"","","22017"
"","","20540"
"","","21058"
"","","21059"
"34","Puebla-Tlaxcala","21060"
"","","21061"
"","","20541"
"","","24033"
"","","24034"
"38","San Luis Potosí-Soledad de Graciano Sánchez","24035"
"","","24036"
"","","24037"
"","","24038"
"","","24039"
"","","24040"
"","","24041"
"","","24042"
"","","24043"
"","","21113"
"34","Puebla-Tlaxcala","21114"
"","","21115"
"","","21116"
"","","20542"
"","","21175"
"","","20544"
"","","26001"
"","","21201"
"","","21202"
"","","21203"
"","","21204"
"","","20545"
"","","22001"
"","","20546"
"","","24023"
"","","20550"
"","","26011"
"","","25018"
"","","20551"
"","","26014"
"","","26015"
"","","20552"
"","","26048"
"32","Oaxaca","20553"
"","","20554"
"42","Tampico","28038"
"","","20555"
"","","28031"
"","","20557"
"","","29014"
"34","Puebla-Tlaxcala","29015"
"","","29016"
"","","20558"
"34","Puebla-Tlaxcala","29017"
"","","20559"
"","","20560"
"47","Veracruz","30011"
"","","30012"
"","","30013"
"","","20563"
"","","30079"
"","","20564"
"","","30164"
"","","30165"
"","","30166"
"","","30167"
"","","30168"
"","","30169"
"","","30170"
"32","Oaxaca","20565"
"","","20567"
"","","20569"
"","","21016"
"","","21017"
"","","21018"
"","","21019"
"","","21020"
"","","21021"
"","","21028"
"","","21029"
"","","21030"
"34","Puebla-Tlaxcala","21034"
"","","21038"
"","","21039"
"","","21040"
"34","Puebla-Tlaxcala","21041"
"","","21042"
"","","21043"
"","","21044"
"","","21045"
"","","21046"
"","","21047"
"34","Puebla-Tlaxcala","21048"
"","","21049"
"","","21050"
"","","21051"
"","","21052"
"","","21053"
"59","Teziutlán","21054"
"","","21055"
"","","21056"
"","","21057"
"","","21080"
"","","21085"
"","","21086"
"","","21087"
"","","21088"
"","","21089"
"34","Puebla-Tlaxcala","21090"
"","","21091"
"","","21095"
"","","21097"
"","","21098"
"","","21099"
"","","21100"
"","","21101"
"","","21102"
"","","21103"
"","","21104"
"","","21105"
"34","Puebla-Tlaxcala","21106"
"","","21107"
"","","21108"
"","","21109"
"","","21110"
"","","21111"
"","","21112"
"","","21117"
"","","21118"
"34","Puebla-Tlaxcala","21125"
"34","Puebla-Tlaxcala","21132"
"","","21133"
"","","21144"
"","","31045"
"","","21151"
"","","21166"
"","","21167"
"","","21168"
"","","21169"
"","","21170"
"","","32028"
"","","32029"
"","","21171"
"","","21172"
"","","21173"
"59","Teziutlán","21174"
"34","Puebla-Tlaxcala","21181"
"","","26028"
"","","21182"
"","","21183"
"","","21184"
"","","21185"
"","","21186"
"","","21187"
"","","21188"
"","","21189"
"","","21190"
"","","21191"
"","","21192"
"","","21193"
"","","21194"
"","","21195"
"","","21196"
"","","21197"
"","","21198"
"","","21199"
"","","21200"
"","","21214"
"","","21215"
"","","21216"
"","","21217"
"","","23006"
"","","23009"
"","","24001"
"","","24002"
"","","24003"
"","","24004"
"40","Guaymas","26029"
"","","26030"
"","","32016"
"56","Zacatecas-Guadalupe","32017"
"","","24005"
"","","24006"
"","","26053"
"","","24007"
"","","24014"
"","","24018"
"","","24020"
"","","24021"
"","","24022"
"","","24044"
"","","24045"
"","","24048"
"","","26063"
"","","24049"
"","","24050"
"","","24055"
"","","24056"
"","","28026"
"","","24058"
"","","25002"
"","","25003"
"","","25004"
"","","25005"
"","","25006"
"","","25007"
"","","25008"
"","","25009"
"","","25010"
"","","25011"
"","","25012"
"","","25013"
"","","25014"
"","","25015"
"","","25016"
"","","25017"
"","","26005"
"","","28028"
"","","26007"
"","","26009"
"","","26010"
"","","26019"
"","","26020"
"","","26021"
"","","26023"
"","","26027"
"","","26031"
"","","26032"
"","","26034"
"","","26035"
"","","26037"
"","","26038"
"","","26039"
"","","26041"
"","","26043"
"","","26044"
"","","26046"
"","","26047"
"","","26050"
"","","26054"
"","","26055"
"","","28036"
"","","28037"
"","","26056"
"","","26057"
"","","26059"
"","","26060"
"","","26061"
"","","30047"
"51","Minatitlán","30048"
"","","30049"
"","","30050"
"","","30051"
"","","30052"
"","","30053"
"","","30054"
"","","30055"
"","","30056"
"","","30057"
"","","30058"
"51","Minatitlán","30059"
"","","30060"
"","","30061"
"","","30062"
"","","30063"
"","","26065"
"48","Xalapa","30093"
"","","30094"
"","","30095"
"","","26066"
"","","26067"
"","","30174"
"49","Poza Rica","30175"
"","","30176"
"","","30177"
"","","30178"
"","","30179"
"","","30180"
"","","30181"
"48","Xalapa","30182"
"","","30183"
"","","30184"
"","","26068"
"","","26070"
"","","27006"
"","","27007"
"","","27008"
"","","27009"
"","","27010"
"","","27011"
"","","27012"
"41","Villahermosa","27013"
"","","27014"
"","","27015"
"","","27016"
"","","27017"
"","","28001"
"","","28002"
"42","Tampico","28003"
"","","28004"
"","","28006"
"42","Tampico","28009"
"","","28017"
"","","28018"
"","","28019"
"","","28029"
"","","28030"
"","","28040"
"","","28041"
"","","28042"
"","","28043"
"46","Tlaxcala-Apizaco","29001"
"46","Tlaxcala-Apizaco","29002"
"","","29003"
"","","29004"
"46","Tlaxcala-Apizaco","29005"
"","","29006"
"","","29007"
"","","29008"
"46","Tlaxcala-Apizaco","29009"
"46","Tlaxcala-Apizaco","29010"
"","","29011"
"","","29012"
"","","29013"
"34","Puebla-Tlaxcala","29019"
"34","Puebla-Tlaxcala","29027"
"46","Tlaxcala-Apizaco","29035"
"34","Puebla-Tlaxcala","29042"
"","","29045"
"","","29047"
"46","Tlaxcala-Apizaco","29048"
"46","Tlaxcala-Apizaco","29049"
"34","Puebla-Tlaxcala","29051"
"34","Puebla-Tlaxcala","29053"
"34","Puebla-Tlaxcala","29054"
"34","Puebla-Tlaxcala","29056"
"34","Puebla-Tlaxcala","29057"
"34","Puebla-Tlaxcala","29058"
"34","Puebla-Tlaxcala","29059"
"46","Tlaxcala-Apizaco","29060"
"","","30002"
"54","Acayucan","30003"
"","","30004"
"","","30005"
"","","30006"
"","","30007"
"","","30008"
"","","30009"
"","","30010"
"","","30018"
"50","Orizaba","30030"
"","","30031"
"49","Poza Rica","30033"
"","","30034"
"","","30035"
"","","30036"
"","","30037"
"48","Xalapa","30038"
"52","Coatzacoalcos","30039"
"49","Poza Rica","30040"
"","","30041"
"","","30042"
"","","30043"
"53","Córdoba","30044"
"","","30064"
"50","Orizaba","30074"
"","","30075"
"","","30076"
"","","30077"
"","","30078"
"","","30096"
"","","30098"
"","","30107"
"51","Minatitlán","30108"
"","","30109"
"","","30110"
"","","30111"
"","","30112"
"","","30113"
"50","Orizaba","30115"
"54","Acayucan","30116"
"","","30119"
"51","Minatitlán","30120"
"","","30126"
"","","30127"
"","","30128"
"","","30129"
"","","30130"
"49","Poza Rica","30131"
"42","Tampico","30133"
"","","30134"
"50","Orizaba","30135"
"48","Xalapa","30136"
"50","Orizaba","30138"
"","","30140"
"","","30141"
"","","30142"
"","","30143"
"","","30144"
"54","Acayucan","30145"
"","","30146"
"","","30147"
"","","30148"
"","","30149"
"","","30150"
"","","30151"
"","","30152"
"","","30153"
"","","30154"
"","","30155"
"","","30156"
"","","30157"
"","","30158"
"","","30159"
"","","30160"
"","","30161"
"","","30162"
"","","30163"
"50","Orizaba","30185"
"","","30190"
"","","30192"
"47","Veracruz","30193"
"","","30194"
"","","30197"
"","","30198"
"51","Minatitlán","30199"
"52","Coatzacoalcos","30206"
"","","31001"
"","","31002"
"","","31003"
"","","31004"
"","","31005"
"","","31007"
"","","31009"
"","","31010"
"","","31012"
"55","Mérida","31013"
"","","31014"
"","","31015"
"","","31016"
"","","31018"
"","","31020"
"","","31022"
"","","31023"
"","","31024"
"","","31025"
"","","31026"
"","","31027"
"","","31031"
"","","31033"
"","","31034"
"","","31035"
"","","31037"
"","","31038"
"","","31039"
"","","31043"
"","","31044"
"","","31073"
"","","31046"
"","","31049"
"","","31051"
"","","31053"
"","","31054"
"","","31055"
"","","31060"
"","","31062"
"","","31063"
"","","31064"
"","","31066"
"","","31068"
"","","31069"
"","","31083"
"","","31070"
"","","31072"
"","","32018"
"","","32019"
"","","32020"
"","","32021"
"","","32022"
"","","32023"
"","","32024"
"","","32025"
"","","32026"
"","","32027"
"","","31074"
"","","31075"
"","","31076"
"","","31077"
"","","31078"
"","","31080"
"","","31082"
"","","31086"
"","","32057"
"","","31087"
"","","31088"
"","","31090"
"","","31094"
"","","31095"
"","","31097"
"55","Mérida","31100"
"","","31103"
"","","31105"
"","","31106"
"","","32005"
"","","32006"
"","","32007"
"","","32008"
"","","32009"
"","","32010"
"","","32011"
"","","32012"
"","","32013"
"","","32014"
"","","32015"
"","","32041"
"","","32053"
"","","32054"
"56","Zacatecas-Guadalupe","32056"
"","","32058"
"","","23010"
"13","Valle de México","09003"
"13","Valle de México","09010"
"13","Valle de México","09014"
"13","Valle de México","09015"
